[
{
    "model": "django_press.context",
    "pk": 1,
    "fields": {
        "key": "site_name",
        "value": "\u30b3\u30b0\u30cb\u30a2\u682a\u5f0f\u4f1a\u793e"
    }
},
{
    "model": "django_press.page",
    "pk": 1,
    "fields": {
        "title": "\u30c8\u30c3\u30d7",
        "in_nav": true,
        "path": "",
        "parent_page": null,
        "publish": true
    }
},
{
    "model": "django_press.page",
    "pk": 2,
    "fields": {
        "title": "\u4f1a\u793e\u6982\u8981",
        "in_nav": true,
        "path": "overview",
        "parent_page": 1,
        "publish": true
    }
},
{
    "model": "django_press.page",
    "pk": 3,
    "fields": {
        "title": "\u304a\u554f\u3044\u5408\u308f\u305b\u3042\u308a\u304c\u3068\u3046\u3054\u3056\u3044\u307e\u3059",
        "in_nav": false,
        "path": "contact/accepted",
        "parent_page": null,
        "publish": true
    }
},
{
    "model": "django_press.page",
    "pk": 4,
    "fields": {
        "title": "\u304a\u554f\u3044\u5408\u308f\u305b",
        "in_nav": true,
        "path": "contact",
        "parent_page": 1,
        "publish": true
    }
},
{
    "model": "django_press.page",
    "pk": 5,
    "fields": {
        "title": "\u63a1\u7528\u60c5\u5831",
        "in_nav": true,
        "path": "HR",
        "parent_page": 1,
        "publish": true
    }
},
{
    "model": "django_press.page",
    "pk": 6,
    "fields": {
        "title": "\u4ee3\u8868\u6328\u62f6",
        "in_nav": true,
        "path": "corp/message",
        "parent_page": null,
        "publish": true
    }
},
{
    "model": "django_press.imagefile",
    "pk": 1,
    "fields": {
        "file": "images/\u732b\uff11.jpg",
        "name": "\u306d\u3053\uff11"
    }
},
{
    "model": "django_press.imagefile",
    "pk": 2,
    "fields": {
        "file": "images/\u732b2.jpg",
        "name": "\u306d\u3053\uff12"
    }
},
{
    "model": "django_press.imagefile",
    "pk": 3,
    "fields": {
        "file": "images/\u732b3.jpg",
        "name": "\u306d\u3053\uff13"
    }
},
{
    "model": "django_press.imagefile",
    "pk": 4,
    "fields": {
        "file": "images/\u732b4.jpg",
        "name": "\u306d\u3053\uff14"
    }
},
{
    "model": "django_press.imagefile",
    "pk": 5,
    "fields": {
        "file": "images/\u732b5.jpg",
        "name": "\u306d\u3053\uff15"
    }
},
{
    "model": "django_press.imagefile",
    "pk": 6,
    "fields": {
        "file": "images/technology-4256272_1280.jpg",
        "name": "\u63e1\u624b"
    }
},
{
    "model": "django_press.imagefile",
    "pk": 7,
    "fields": {
        "file": "images/yokohama-1408790_1280.jpg",
        "name": "\u307f\u306a\u3068\u307f\u3089\u3044"
    }
},
{
    "model": "django_press.imagefile",
    "pk": 8,
    "fields": {
        "file": "images/franki-chamaki-1K6IQsQbizI-unsplash.jpg",
        "name": "\u30cd\u30aa\u30f3\u6587\u5b57"
    }
},
{
    "model": "django_press.imagefile",
    "pk": 9,
    "fields": {
        "file": "images/mika-baumeister-Wpnoqo2plFA-unsplash.jpg",
        "name": "\u6570\u5b57\u7f85\u5217"
    }
},
{
    "model": "django_press.imagefile",
    "pk": 10,
    "fields": {
        "file": "images/code-1084923_1280.png",
        "name": "\u30bd\u30fc\u30b9\u30b3\u30fc\u30c9"
    }
},
{
    "model": "django_press.product",
    "pk": 1,
    "fields": {
        "icon": "icofont-cat-dog",
        "name": "\u307e\u3093\u307e\u308b",
        "description": "\u306d\u3053\u306e\u307e\u3093\u307e\u308b\u306a\u30d5\u30a9\u30eb\u30e0\u306f\u305f\u307e\u308a\u307e\u305b\u3093\u3002"
    }
},
{
    "model": "django_press.product",
    "pk": 2,
    "fields": {
        "icon": "icofont-cat-alt-3",
        "name": "\u30de\u30a4\u30da\u30fc\u30b9",
        "description": "\u306d\u3053\u306f\u81ea\u7531\u6c17\u307e\u307e\u306a\u6027\u683c\u3067\u3059\u3002\u305d\u308c\u304c\u307e\u305f\u304b\u308f\u3044\u3044\u3093\u3067\u3059\u3002"
    }
},
{
    "model": "django_press.product",
    "pk": 3,
    "fields": {
        "icon": "icofont-cat-face",
        "name": "\u3082\u3075\u3082\u3075",
        "description": "\u306d\u3053\u306b\u9650\u308b\u8a71\u3067\u306f\u3042\u308a\u307e\u305b\u3093\u304c\u3001\u306d\u3053\u306f\u3082\u3075\u3082\u3075\u3067\u6c17\u6301\u3061\u304c\u3044\u3044\u3067\u3059\u3002"
    }
},
{
    "model": "django_press.tabelement",
    "pk": 1,
    "fields": {
        "title": "\u30af\u30ea\u30c3\u30af\u3067\u958b\u304f",
        "content": "|\u306d\u3053|\u306d\u3053|\r\n|---|---|\r\n|\u30cd\u30b3|\u30cd\u30b3|\r\n|(=^\u30fb^=)|(=^\u30fb^=)|"
    }
},
{
    "model": "django_press.tabelement",
    "pk": 2,
    "fields": {
        "title": "\u304b\u308f\u3044\u3044\u306d\uff01",
        "content": "\u732b\u3067\u3059\uff11\r\n<i class=\"icofont-dart icofont-1x\"></i>\r\nhtml\u3082\u5165\u308a\u307e\u3059\uff01"
    }
},
{
    "model": "django_press.tabelement",
    "pk": 3,
    "fields": {
        "title": "\u30bb\u30fc\u30eb\u30b9",
        "content": "\u30bb\u30fc\u30eb\u30b9\u3054\u306b\u3083\u3054\u306b\u3083"
    }
},
{
    "model": "django_press.tabelement",
    "pk": 4,
    "fields": {
        "title": "\u6280\u8853\u8077",
        "content": "\u6280\u8853\u8077\r\n\u3054\u306b\u3083\u3054\u306b\u3083"
    }
},
{
    "model": "django_press.tabelement",
    "pk": 5,
    "fields": {
        "title": "\u30c7\u30fc\u30bf\u30b5\u30a4\u30a8\u30f3\u30c6\u30a3\u30b9\u30c8",
        "content": "DS\u3054\u306b\u3083\u3054\u306b\u3083"
    }
},
{
    "model": "django_press.tabelement",
    "pk": 6,
    "fields": {
        "title": "\u65b0\u5352",
        "content": "\u65b0\u5352\u3054\u306b\u3083\u3054\u306b\u3083"
    }
},
{
    "model": "django_press.tabelement",
    "pk": 7,
    "fields": {
        "title": "\u306a\u3093\u3068\u304b",
        "content": "\u306a\u3093\u3061\u3083\u3089\u304b\u3093\u3061\u3083\u3089"
    }
},
{
    "model": "django_press.tabelement",
    "pk": 8,
    "fields": {
        "title": "\u30d7\u30ed\u30b8\u30a7\u30af\u30c8\u30de\u30cd\u30b8\u30e1\u30f3\u30c8",
        "content": "\u5185\u5bb9"
    }
},
{
    "model": "django_press.tabelement",
    "pk": 9,
    "fields": {
        "title": "\u4f1a\u54e1\u30b7\u30b9\u30c6\u30e0\u5c0e\u5165\u652f\u63f4",
        "content": "\u5185\u5bb9"
    }
},
{
    "model": "django_press.tabelement",
    "pk": 10,
    "fields": {
        "title": "BI\u30b7\u30b9\u30c6\u30e0\u5c0e\u5165",
        "content": "\u5185\u5bb9"
    }
},
{
    "model": "django_press.tabelement",
    "pk": 11,
    "fields": {
        "title": "\u30e2\u30c7\u30ea\u30f3\u30b0\u30de\u30cd\u30b8\u30e1\u30f3\u30c8",
        "content": "\u5185\u5bb9"
    }
},
{
    "model": "django_press.tabelement",
    "pk": 12,
    "fields": {
        "title": "\u300c\u30ec\u30d7\u30ed\u30b0\u300d\u306e\u904b\u55b6",
        "content": "[\u30ec\u30d7\u30ed\u30b0](https://replog.jp/)"
    }
},
{
    "model": "contenttypes.contenttype",
    "fields": {
        "app_label": "django_press",
        "model": "baseinquiry"
    }
},
{
    "model": "contenttypes.contenttype",
    "fields": {
        "app_label": "django_press",
        "model": "context"
    }
},
{
    "model": "contenttypes.contenttype",
    "fields": {
        "app_label": "django_press",
        "model": "imagefile"
    }
},
{
    "model": "contenttypes.contenttype",
    "fields": {
        "app_label": "django_press",
        "model": "page"
    }
},
{
    "model": "contenttypes.contenttype",
    "fields": {
        "app_label": "django_press",
        "model": "pagecontent"
    }
},
{
    "model": "contenttypes.contenttype",
    "fields": {
        "app_label": "django_press",
        "model": "product"
    }
},
{
    "model": "contenttypes.contenttype",
    "fields": {
        "app_label": "django_press",
        "model": "tabelement"
    }
},
{
    "model": "contenttypes.contenttype",
    "fields": {
        "app_label": "django_press",
        "model": "contact"
    }
},
{
    "model": "contenttypes.contenttype",
    "fields": {
        "app_label": "django_press",
        "model": "contactcontent"
    }
},
{
    "model": "contenttypes.contenttype",
    "fields": {
        "app_label": "django_press",
        "model": "imageslider"
    }
},
{
    "model": "contenttypes.contenttype",
    "fields": {
        "app_label": "django_press",
        "model": "pagetext"
    }
},
{
    "model": "contenttypes.contenttype",
    "fields": {
        "app_label": "django_press",
        "model": "service"
    }
},
{
    "model": "contenttypes.contenttype",
    "fields": {
        "app_label": "django_press",
        "model": "tab"
    }
},
{
    "model": "contenttypes.contenttype",
    "fields": {
        "app_label": "admin",
        "model": "logentry"
    }
},
{
    "model": "contenttypes.contenttype",
    "fields": {
        "app_label": "auth",
        "model": "permission"
    }
},
{
    "model": "contenttypes.contenttype",
    "fields": {
        "app_label": "auth",
        "model": "group"
    }
},
{
    "model": "contenttypes.contenttype",
    "fields": {
        "app_label": "auth",
        "model": "user"
    }
},
{
    "model": "contenttypes.contenttype",
    "fields": {
        "app_label": "contenttypes",
        "model": "contenttype"
    }
},
{
    "model": "contenttypes.contenttype",
    "fields": {
        "app_label": "sessions",
        "model": "session"
    }
},
{
    "model": "auth.permission",
    "fields": {
        "name": "Can add \u554f\u3044\u5408\u308f\u305b\u95a2\u9023",
        "content_type": [
            "django_press",
            "baseinquiry"
        ],
        "codename": "add_baseinquiry"
    }
},
{
    "model": "auth.permission",
    "fields": {
        "name": "Can change \u554f\u3044\u5408\u308f\u305b\u95a2\u9023",
        "content_type": [
            "django_press",
            "baseinquiry"
        ],
        "codename": "change_baseinquiry"
    }
},
{
    "model": "auth.permission",
    "fields": {
        "name": "Can delete \u554f\u3044\u5408\u308f\u305b\u95a2\u9023",
        "content_type": [
            "django_press",
            "baseinquiry"
        ],
        "codename": "delete_baseinquiry"
    }
},
{
    "model": "auth.permission",
    "fields": {
        "name": "Can view \u554f\u3044\u5408\u308f\u305b\u95a2\u9023",
        "content_type": [
            "django_press",
            "baseinquiry"
        ],
        "codename": "view_baseinquiry"
    }
},
{
    "model": "auth.permission",
    "fields": {
        "name": "Can add context",
        "content_type": [
            "django_press",
            "context"
        ],
        "codename": "add_context"
    }
},
{
    "model": "auth.permission",
    "fields": {
        "name": "Can change context",
        "content_type": [
            "django_press",
            "context"
        ],
        "codename": "change_context"
    }
},
{
    "model": "auth.permission",
    "fields": {
        "name": "Can delete context",
        "content_type": [
            "django_press",
            "context"
        ],
        "codename": "delete_context"
    }
},
{
    "model": "auth.permission",
    "fields": {
        "name": "Can view context",
        "content_type": [
            "django_press",
            "context"
        ],
        "codename": "view_context"
    }
},
{
    "model": "auth.permission",
    "fields": {
        "name": "Can add \u5199\u771f",
        "content_type": [
            "django_press",
            "imagefile"
        ],
        "codename": "add_imagefile"
    }
},
{
    "model": "auth.permission",
    "fields": {
        "name": "Can change \u5199\u771f",
        "content_type": [
            "django_press",
            "imagefile"
        ],
        "codename": "change_imagefile"
    }
},
{
    "model": "auth.permission",
    "fields": {
        "name": "Can delete \u5199\u771f",
        "content_type": [
            "django_press",
            "imagefile"
        ],
        "codename": "delete_imagefile"
    }
},
{
    "model": "auth.permission",
    "fields": {
        "name": "Can view \u5199\u771f",
        "content_type": [
            "django_press",
            "imagefile"
        ],
        "codename": "view_imagefile"
    }
},
{
    "model": "auth.permission",
    "fields": {
        "name": "Can add Web\u30da\u30fc\u30b8",
        "content_type": [
            "django_press",
            "page"
        ],
        "codename": "add_page"
    }
},
{
    "model": "auth.permission",
    "fields": {
        "name": "Can change Web\u30da\u30fc\u30b8",
        "content_type": [
            "django_press",
            "page"
        ],
        "codename": "change_page"
    }
},
{
    "model": "auth.permission",
    "fields": {
        "name": "Can delete Web\u30da\u30fc\u30b8",
        "content_type": [
            "django_press",
            "page"
        ],
        "codename": "delete_page"
    }
},
{
    "model": "auth.permission",
    "fields": {
        "name": "Can view Web\u30da\u30fc\u30b8",
        "content_type": [
            "django_press",
            "page"
        ],
        "codename": "view_page"
    }
},
{
    "model": "auth.permission",
    "fields": {
        "name": "Can add \u30da\u30fc\u30b8\u306e\u69cb\u6210\u8981\u7d20",
        "content_type": [
            "django_press",
            "pagecontent"
        ],
        "codename": "add_pagecontent"
    }
},
{
    "model": "auth.permission",
    "fields": {
        "name": "Can change \u30da\u30fc\u30b8\u306e\u69cb\u6210\u8981\u7d20",
        "content_type": [
            "django_press",
            "pagecontent"
        ],
        "codename": "change_pagecontent"
    }
},
{
    "model": "auth.permission",
    "fields": {
        "name": "Can delete \u30da\u30fc\u30b8\u306e\u69cb\u6210\u8981\u7d20",
        "content_type": [
            "django_press",
            "pagecontent"
        ],
        "codename": "delete_pagecontent"
    }
},
{
    "model": "auth.permission",
    "fields": {
        "name": "Can view \u30da\u30fc\u30b8\u306e\u69cb\u6210\u8981\u7d20",
        "content_type": [
            "django_press",
            "pagecontent"
        ],
        "codename": "view_pagecontent"
    }
},
{
    "model": "auth.permission",
    "fields": {
        "name": "Can add \u7d39\u4ecb\u3059\u308b\u7cfb",
        "content_type": [
            "django_press",
            "product"
        ],
        "codename": "add_product"
    }
},
{
    "model": "auth.permission",
    "fields": {
        "name": "Can change \u7d39\u4ecb\u3059\u308b\u7cfb",
        "content_type": [
            "django_press",
            "product"
        ],
        "codename": "change_product"
    }
},
{
    "model": "auth.permission",
    "fields": {
        "name": "Can delete \u7d39\u4ecb\u3059\u308b\u7cfb",
        "content_type": [
            "django_press",
            "product"
        ],
        "codename": "delete_product"
    }
},
{
    "model": "auth.permission",
    "fields": {
        "name": "Can view \u7d39\u4ecb\u3059\u308b\u7cfb",
        "content_type": [
            "django_press",
            "product"
        ],
        "codename": "view_product"
    }
},
{
    "model": "auth.permission",
    "fields": {
        "name": "Can add \u30bf\u30d6\u8981\u7d20",
        "content_type": [
            "django_press",
            "tabelement"
        ],
        "codename": "add_tabelement"
    }
},
{
    "model": "auth.permission",
    "fields": {
        "name": "Can change \u30bf\u30d6\u8981\u7d20",
        "content_type": [
            "django_press",
            "tabelement"
        ],
        "codename": "change_tabelement"
    }
},
{
    "model": "auth.permission",
    "fields": {
        "name": "Can delete \u30bf\u30d6\u8981\u7d20",
        "content_type": [
            "django_press",
            "tabelement"
        ],
        "codename": "delete_tabelement"
    }
},
{
    "model": "auth.permission",
    "fields": {
        "name": "Can view \u30bf\u30d6\u8981\u7d20",
        "content_type": [
            "django_press",
            "tabelement"
        ],
        "codename": "view_tabelement"
    }
},
{
    "model": "auth.permission",
    "fields": {
        "name": "Can add \u554f\u3044\u5408\u308f\u305b\u30d5\u30a9\u30fc\u30e0",
        "content_type": [
            "django_press",
            "contact"
        ],
        "codename": "add_contact"
    }
},
{
    "model": "auth.permission",
    "fields": {
        "name": "Can change \u554f\u3044\u5408\u308f\u305b\u30d5\u30a9\u30fc\u30e0",
        "content_type": [
            "django_press",
            "contact"
        ],
        "codename": "change_contact"
    }
},
{
    "model": "auth.permission",
    "fields": {
        "name": "Can delete \u554f\u3044\u5408\u308f\u305b\u30d5\u30a9\u30fc\u30e0",
        "content_type": [
            "django_press",
            "contact"
        ],
        "codename": "delete_contact"
    }
},
{
    "model": "auth.permission",
    "fields": {
        "name": "Can view \u554f\u3044\u5408\u308f\u305b\u30d5\u30a9\u30fc\u30e0",
        "content_type": [
            "django_press",
            "contact"
        ],
        "codename": "view_contact"
    }
},
{
    "model": "auth.permission",
    "fields": {
        "name": "Can add \u554f\u3044\u5408\u308f\u305b\u3092\u4f7f\u3046",
        "content_type": [
            "django_press",
            "contactcontent"
        ],
        "codename": "add_contactcontent"
    }
},
{
    "model": "auth.permission",
    "fields": {
        "name": "Can change \u554f\u3044\u5408\u308f\u305b\u3092\u4f7f\u3046",
        "content_type": [
            "django_press",
            "contactcontent"
        ],
        "codename": "change_contactcontent"
    }
},
{
    "model": "auth.permission",
    "fields": {
        "name": "Can delete \u554f\u3044\u5408\u308f\u305b\u3092\u4f7f\u3046",
        "content_type": [
            "django_press",
            "contactcontent"
        ],
        "codename": "delete_contactcontent"
    }
},
{
    "model": "auth.permission",
    "fields": {
        "name": "Can view \u554f\u3044\u5408\u308f\u305b\u3092\u4f7f\u3046",
        "content_type": [
            "django_press",
            "contactcontent"
        ],
        "codename": "view_contactcontent"
    }
},
{
    "model": "auth.permission",
    "fields": {
        "name": "Can add \u753b\u50cf\u306e\u30b9\u30e9\u30a4\u30c9\u30b7\u30e7\u30fc",
        "content_type": [
            "django_press",
            "imageslider"
        ],
        "codename": "add_imageslider"
    }
},
{
    "model": "auth.permission",
    "fields": {
        "name": "Can change \u753b\u50cf\u306e\u30b9\u30e9\u30a4\u30c9\u30b7\u30e7\u30fc",
        "content_type": [
            "django_press",
            "imageslider"
        ],
        "codename": "change_imageslider"
    }
},
{
    "model": "auth.permission",
    "fields": {
        "name": "Can delete \u753b\u50cf\u306e\u30b9\u30e9\u30a4\u30c9\u30b7\u30e7\u30fc",
        "content_type": [
            "django_press",
            "imageslider"
        ],
        "codename": "delete_imageslider"
    }
},
{
    "model": "auth.permission",
    "fields": {
        "name": "Can view \u753b\u50cf\u306e\u30b9\u30e9\u30a4\u30c9\u30b7\u30e7\u30fc",
        "content_type": [
            "django_press",
            "imageslider"
        ],
        "codename": "view_imageslider"
    }
},
{
    "model": "auth.permission",
    "fields": {
        "name": "Can add \u6587\u7ae0\u3068\u753b\u50cf\u306b\u6700\u9069",
        "content_type": [
            "django_press",
            "pagetext"
        ],
        "codename": "add_pagetext"
    }
},
{
    "model": "auth.permission",
    "fields": {
        "name": "Can change \u6587\u7ae0\u3068\u753b\u50cf\u306b\u6700\u9069",
        "content_type": [
            "django_press",
            "pagetext"
        ],
        "codename": "change_pagetext"
    }
},
{
    "model": "auth.permission",
    "fields": {
        "name": "Can delete \u6587\u7ae0\u3068\u753b\u50cf\u306b\u6700\u9069",
        "content_type": [
            "django_press",
            "pagetext"
        ],
        "codename": "delete_pagetext"
    }
},
{
    "model": "auth.permission",
    "fields": {
        "name": "Can view \u6587\u7ae0\u3068\u753b\u50cf\u306b\u6700\u9069",
        "content_type": [
            "django_press",
            "pagetext"
        ],
        "codename": "view_pagetext"
    }
},
{
    "model": "auth.permission",
    "fields": {
        "name": "Can add \u30b5\u30fc\u30d3\u30b9\u306a\u3069\u3092\u4f1d\u3048\u308b",
        "content_type": [
            "django_press",
            "service"
        ],
        "codename": "add_service"
    }
},
{
    "model": "auth.permission",
    "fields": {
        "name": "Can change \u30b5\u30fc\u30d3\u30b9\u306a\u3069\u3092\u4f1d\u3048\u308b",
        "content_type": [
            "django_press",
            "service"
        ],
        "codename": "change_service"
    }
},
{
    "model": "auth.permission",
    "fields": {
        "name": "Can delete \u30b5\u30fc\u30d3\u30b9\u306a\u3069\u3092\u4f1d\u3048\u308b",
        "content_type": [
            "django_press",
            "service"
        ],
        "codename": "delete_service"
    }
},
{
    "model": "auth.permission",
    "fields": {
        "name": "Can view \u30b5\u30fc\u30d3\u30b9\u306a\u3069\u3092\u4f1d\u3048\u308b",
        "content_type": [
            "django_press",
            "service"
        ],
        "codename": "view_service"
    }
},
{
    "model": "auth.permission",
    "fields": {
        "name": "Can add \u30bf\u30d6\u3092\u4f7f\u3046",
        "content_type": [
            "django_press",
            "tab"
        ],
        "codename": "add_tab"
    }
},
{
    "model": "auth.permission",
    "fields": {
        "name": "Can change \u30bf\u30d6\u3092\u4f7f\u3046",
        "content_type": [
            "django_press",
            "tab"
        ],
        "codename": "change_tab"
    }
},
{
    "model": "auth.permission",
    "fields": {
        "name": "Can delete \u30bf\u30d6\u3092\u4f7f\u3046",
        "content_type": [
            "django_press",
            "tab"
        ],
        "codename": "delete_tab"
    }
},
{
    "model": "auth.permission",
    "fields": {
        "name": "Can view \u30bf\u30d6\u3092\u4f7f\u3046",
        "content_type": [
            "django_press",
            "tab"
        ],
        "codename": "view_tab"
    }
},
{
    "model": "auth.permission",
    "fields": {
        "name": "Can add log entry",
        "content_type": [
            "admin",
            "logentry"
        ],
        "codename": "add_logentry"
    }
},
{
    "model": "auth.permission",
    "fields": {
        "name": "Can change log entry",
        "content_type": [
            "admin",
            "logentry"
        ],
        "codename": "change_logentry"
    }
},
{
    "model": "auth.permission",
    "fields": {
        "name": "Can delete log entry",
        "content_type": [
            "admin",
            "logentry"
        ],
        "codename": "delete_logentry"
    }
},
{
    "model": "auth.permission",
    "fields": {
        "name": "Can view log entry",
        "content_type": [
            "admin",
            "logentry"
        ],
        "codename": "view_logentry"
    }
},
{
    "model": "auth.permission",
    "fields": {
        "name": "Can add permission",
        "content_type": [
            "auth",
            "permission"
        ],
        "codename": "add_permission"
    }
},
{
    "model": "auth.permission",
    "fields": {
        "name": "Can change permission",
        "content_type": [
            "auth",
            "permission"
        ],
        "codename": "change_permission"
    }
},
{
    "model": "auth.permission",
    "fields": {
        "name": "Can delete permission",
        "content_type": [
            "auth",
            "permission"
        ],
        "codename": "delete_permission"
    }
},
{
    "model": "auth.permission",
    "fields": {
        "name": "Can view permission",
        "content_type": [
            "auth",
            "permission"
        ],
        "codename": "view_permission"
    }
},
{
    "model": "auth.permission",
    "fields": {
        "name": "Can add group",
        "content_type": [
            "auth",
            "group"
        ],
        "codename": "add_group"
    }
},
{
    "model": "auth.permission",
    "fields": {
        "name": "Can change group",
        "content_type": [
            "auth",
            "group"
        ],
        "codename": "change_group"
    }
},
{
    "model": "auth.permission",
    "fields": {
        "name": "Can delete group",
        "content_type": [
            "auth",
            "group"
        ],
        "codename": "delete_group"
    }
},
{
    "model": "auth.permission",
    "fields": {
        "name": "Can view group",
        "content_type": [
            "auth",
            "group"
        ],
        "codename": "view_group"
    }
},
{
    "model": "auth.permission",
    "fields": {
        "name": "Can add user",
        "content_type": [
            "auth",
            "user"
        ],
        "codename": "add_user"
    }
},
{
    "model": "auth.permission",
    "fields": {
        "name": "Can change user",
        "content_type": [
            "auth",
            "user"
        ],
        "codename": "change_user"
    }
},
{
    "model": "auth.permission",
    "fields": {
        "name": "Can delete user",
        "content_type": [
            "auth",
            "user"
        ],
        "codename": "delete_user"
    }
},
{
    "model": "auth.permission",
    "fields": {
        "name": "Can view user",
        "content_type": [
            "auth",
            "user"
        ],
        "codename": "view_user"
    }
},
{
    "model": "auth.permission",
    "fields": {
        "name": "Can add content type",
        "content_type": [
            "contenttypes",
            "contenttype"
        ],
        "codename": "add_contenttype"
    }
},
{
    "model": "auth.permission",
    "fields": {
        "name": "Can change content type",
        "content_type": [
            "contenttypes",
            "contenttype"
        ],
        "codename": "change_contenttype"
    }
},
{
    "model": "auth.permission",
    "fields": {
        "name": "Can delete content type",
        "content_type": [
            "contenttypes",
            "contenttype"
        ],
        "codename": "delete_contenttype"
    }
},
{
    "model": "auth.permission",
    "fields": {
        "name": "Can view content type",
        "content_type": [
            "contenttypes",
            "contenttype"
        ],
        "codename": "view_contenttype"
    }
},
{
    "model": "auth.permission",
    "fields": {
        "name": "Can add session",
        "content_type": [
            "sessions",
            "session"
        ],
        "codename": "add_session"
    }
},
{
    "model": "auth.permission",
    "fields": {
        "name": "Can change session",
        "content_type": [
            "sessions",
            "session"
        ],
        "codename": "change_session"
    }
},
{
    "model": "auth.permission",
    "fields": {
        "name": "Can delete session",
        "content_type": [
            "sessions",
            "session"
        ],
        "codename": "delete_session"
    }
},
{
    "model": "auth.permission",
    "fields": {
        "name": "Can view session",
        "content_type": [
            "sessions",
            "session"
        ],
        "codename": "view_session"
    }
},
{
    "model": "django_press.contactcontent",
    "pk": 8,
    "fields": {
        "pagecontent_ptr": 8,
        "form": "django_press.models.Inquiry.contact",
        "success_page": 3
    }
},
{
    "model": "django_press.tab",
    "pk": 10,
    "fields": {
        "pagecontent_ptr": 10,
        "name": "",
        "tabs": [
            3,
            4,
            5
        ]
    }
},
{
    "model": "django_press.tab",
    "pk": 11,
    "fields": {
        "pagecontent_ptr": 11,
        "name": "",
        "tabs": [
            6,
            7
        ]
    }
},
{
    "model": "django_press.tab",
    "pk": 5,
    "fields": {
        "pagecontent_ptr": 5,
        "name": "\u30b3\u30f3\u30b5\u30eb\u30c6\u30a3\u30f3\u30b0\u4e8b\u696d",
        "tabs": [
            8,
            9,
            10,
            11
        ]
    }
},
{
    "model": "django_press.tab",
    "pk": 12,
    "fields": {
        "pagecontent_ptr": 12,
        "name": "\u30e1\u30c7\u30a3\u30a2\u4e8b\u696d",
        "tabs": [
            12
        ]
    }
},
{
    "model": "django_press.service",
    "pk": 3,
    "fields": {
        "pagecontent_ptr": 3,
        "title": "\u306d\u3053\u306e\u9b45\u529b",
        "abstract": "\u306d\u3053\u306f\u3068\u3066\u3082\u304b\u308f\u3044\u3044\u3067\u3059\u306d\u3002\r\n\u305d\u3093\u306a\u306d\u3053\u306e\u9b45\u529b\u3092\uff13\u3064\u7d39\u4ecb\u3057\u307e\u3059\u3002",
        "products": [
            1,
            2,
            3
        ]
    }
},
{
    "model": "django_press.imageslider",
    "pk": 1,
    "fields": {
        "pagecontent_ptr": 1,
        "content": [
            6,
            7,
            8,
            9,
            10
        ]
    }
},
{
    "model": "django_press.pagetext",
    "pk": 4,
    "fields": {
        "pagecontent_ptr": 4,
        "content": "# \u4f1a\u793e\u6982\u8981\r\n\r\n|||\r\n|:---|:---|\r\n\u4f1a\u793e\u540d|\u30b3\u30b0\u30cb\u30a2\u682a\u5f0f\u4f1a\u793e\r\n\u4ee3\u8868\u8005|\u5c71\u5143\u5353\u4e00\u90ce|\r\n\u8a2d\u7acb|\uff12\uff10\uff11\uff16\u5e74|\r\n\u8cc7\u672c\u91d1|\uff19\uff10\uff10\u4e07\u5186|\r\n\u30aa\u30d5\u30a3\u30b9\u6240\u5728\u5730|\uff12\uff12\uff10\uff0d\u88dc\u5b8c </br>\u795e\u5948\u5ddd\u770c\u6a2a\u6d5c\u5e02\u897f\u533a\u307f\u306a\u3068\u307f\u3089\u3044\uff13\uff0d\uff17\uff0d\uff11</br>\u30aa\u30fc\u30b7\u30e3\u30f3\u30b2\u30fc\u30c8\u307f\u306a\u3068\u307f\u3089\u3044\uff18\uff26|\r\n\u304a\u554f\u3044\u5408\u305b|info@cognia.jp|"
    }
},
{
    "model": "django_press.pagetext",
    "pk": 6,
    "fields": {
        "pagecontent_ptr": 6,
        "content": "\u304a\u554f\u3044\u5408\u308f\u305b\u627f\u308a\u307e\u3057\u305f\u3002\r\n\r\n\u3042\u308a\u304c\u3068\u3046\u3054\u3056\u3044\u307e\u3059\u3002"
    }
},
{
    "model": "django_press.pagetext",
    "pk": 7,
    "fields": {
        "pagecontent_ptr": 7,
        "content": "# \u3053\u3061\u3089\u304b\u3089\u304a\u554f\u3044\u5408\u308f\u305b\u304f\u3060\u3055\u3044\uff01"
    }
},
{
    "model": "django_press.pagetext",
    "pk": 9,
    "fields": {
        "pagecontent_ptr": 9,
        "content": "### \u63a1\u7528\u60c5\u5831\r\n\r\n[\u3053\u3061\u3089\u304b\u3089(google\u3067\u3059)](https://google.com)"
    }
},
{
    "model": "django_press.pagetext",
    "pk": 13,
    "fields": {
        "pagecontent_ptr": 13,
        "content": "### \u6328\u62f6\r\n\r\n\u3000\u4f01\u696d\u306b\u304a\u3051\u308b\u30c7\u30fc\u30bf\u6d3b\u7528\u306b\u306f\u3001\u30c7\u30fc\u30bf\u751f\u6210\u30fb\u53ce\u96c6\u30a4\u30f3\u30d5\u30e9\u306e\u69cb\u7bc9\u3001\u30c7\u30fc\u30bf\u5206\u6790\u30a4\u30f3\u30d5\u30e9\u306e\u69cb\u7bc9\u3001\u30c7\u30fc\u30bf\u5229\u7528\u306b\u5411\u3051\u305f\u4eba\u30fb\u7d44\u7e54\u306e\u6539\u9769\u306e\uff13\u3064\u306e\u58c1\u3092\u540c\u6642\u4e26\u884c\u306b\u3001\u304b\u3064\u8fc5\u901f\u306b\u30af\u30ea\u30a2\u3059\u308b\u3053\u3068\u304c\u5fc5\u8981\u3067\u3059\u3002\r\n\u3000\u30b3\u30b0\u30cb\u30a2\u3067\u306f\u3001\u30c7\u30fc\u30bf\u6d3b\u7528\u306b\u60a9\u3093\u3067\u3044\u308b\u4f01\u696d\u306b\u5bfe\u3057\u3066\u3001\u72ec\u81ea\u306e\u30a2\u30d7\u30ed\u30fc\u30c1\u3068\u5e45\u5e83\u3044\u30cd\u30c3\u30c8\u30ef\u30fc\u30af\u306e\u53cc\u65b9\u3092\u6d3b\u7528\u3057\u3001\u524d\u8ff0\u306e\uff13\u3064\u306e\u58c1\u3092\u30af\u30e9\u30a4\u30a2\u30f3\u30c8\u304c\u4e57\u308a\u8d8a\u3048\u308b\u3053\u3068\u3092\u304a\u624b\u4f1d\u3044\u3044\u305f\u3057\u307e\u3059\u3002\r\n\r\n### \u7d4c\u6b74\r\n\r\n\u3000\u6176\u61c9\u7fa9\u587e\u5927\u5b66\u6587\u5b66\u90e8\uff08\u5fc3\u7406\u5b66\u5c02\u653b\uff09\u5352\u696d\u3001\u30ed\u30f3\u30c9\u30f3\u5927\u5b66LSE\u6821\uff08\u793e\u4f1a\u5fc3\u7406\u5b66\u5c02\u653b\uff09\u4fee\u4e86\u3002\r\n\u3000\u5b89\u5ddd\u96fb\u6a5f\u3001Gartner\u3001P\uff57C\u7b49\u3092\u7d4c\u3066\u73fe\u8077\u3002\u610f\u601d\u6c7a\u5b9a\u30e2\u30c7\u30eb\u306e\u958b\u767a\u3092\u6d3b\u7528\u3057\u305f\u30b3\u30f3\u30b5\u30eb\u30c6\u30a3\u30f3\u30b0\u3092\u5b9f\u65bd\u3002\u7d71\u8a08\u7684\u30a2\u30d7\u30ed\u30fc\u30c1\u306b\u3088\u308b\u30c7\u30fc\u30bf\u5206\u6790\u30fb\u4e88\u6e2c\u30e2\u30c7\u30eb\u306e\u4f5c\u6210\u3001\u30b7\u30b9\u30c6\u30e0\u5c0e\u5165\u30de\u30cd\u30b8\u30e1\u30f3\u30c8\u3001BPR\u30fb\u30d7\u30ed\u30b8\u30a7\u30af\u30c8\u30de\u30cd\u30b8\u30e1\u30f3\u30c8\u3092\u5e45\u5e83\u304f\u62c5\u5f53\u3002"
    }
},
{
    "model": "django_press.pagetext",
    "pk": 2,
    "fields": {
        "pagecontent_ptr": 2,
        "content": "## \u306d\u3053\u306f\u597d\u304d\u3067\u3059\u304b\uff1f\r\n\r\n\u3053\u306e\u30d6\u30ed\u30b0\u3067\u306f\u732b\u306e\u9b45\u529b\u306b\u3064\u3044\u3066\u8a9e\u3063\u3066\u3044\u304d\u307e\u3059\u3002\r\n\r\n{{ site_name }}\r\n\r\n![](/media/markdownx/bdb35365-bc01-44a7-96c7-9d58f269f755.jpg)"
    }
},
{
    "model": "django_press.pagecontent",
    "pk": 1,
    "fields": {
        "polymorphic_ctype": [
            "django_press",
            "imageslider"
        ],
        "page": 1,
        "priority": 1
    }
},
{
    "model": "django_press.pagecontent",
    "pk": 2,
    "fields": {
        "polymorphic_ctype": [
            "django_press",
            "pagetext"
        ],
        "page": 1,
        "priority": 2
    }
},
{
    "model": "django_press.pagecontent",
    "pk": 3,
    "fields": {
        "polymorphic_ctype": [
            "django_press",
            "service"
        ],
        "page": 1,
        "priority": 3
    }
},
{
    "model": "django_press.pagecontent",
    "pk": 4,
    "fields": {
        "polymorphic_ctype": [
            "django_press",
            "pagetext"
        ],
        "page": 2,
        "priority": 1
    }
},
{
    "model": "django_press.pagecontent",
    "pk": 5,
    "fields": {
        "polymorphic_ctype": [
            "django_press",
            "tab"
        ],
        "page": 2,
        "priority": 2
    }
},
{
    "model": "django_press.pagecontent",
    "pk": 6,
    "fields": {
        "polymorphic_ctype": [
            "django_press",
            "pagetext"
        ],
        "page": 3,
        "priority": 1
    }
},
{
    "model": "django_press.pagecontent",
    "pk": 7,
    "fields": {
        "polymorphic_ctype": [
            "django_press",
            "pagetext"
        ],
        "page": 4,
        "priority": 1
    }
},
{
    "model": "django_press.pagecontent",
    "pk": 8,
    "fields": {
        "polymorphic_ctype": [
            "django_press",
            "contactcontent"
        ],
        "page": 4,
        "priority": 2
    }
},
{
    "model": "django_press.pagecontent",
    "pk": 9,
    "fields": {
        "polymorphic_ctype": [
            "django_press",
            "pagetext"
        ],
        "page": 5,
        "priority": 1
    }
},
{
    "model": "django_press.pagecontent",
    "pk": 10,
    "fields": {
        "polymorphic_ctype": [
            "django_press",
            "tab"
        ],
        "page": 5,
        "priority": 1
    }
},
{
    "model": "django_press.pagecontent",
    "pk": 11,
    "fields": {
        "polymorphic_ctype": [
            "django_press",
            "tab"
        ],
        "page": 5,
        "priority": 1
    }
},
{
    "model": "django_press.pagecontent",
    "pk": 12,
    "fields": {
        "polymorphic_ctype": [
            "django_press",
            "tab"
        ],
        "page": 2,
        "priority": 3
    }
},
{
    "model": "django_press.pagecontent",
    "pk": 13,
    "fields": {
        "polymorphic_ctype": [
            "django_press",
            "pagetext"
        ],
        "page": 6,
        "priority": 1
    }
},
{
    "model": "django_press.contact",
    "pk": 1,
    "fields": {
        "baseinquiry_ptr": 1,
        "category": "\u53d6\u5f15\u306b\u3064\u3044\u3066",
        "name": "yuta",
        "furigana": "\u30a6\u30e9\u30e6\u30a6\u30bf",
        "email": "yuuta3594@outlook.jp",
        "phone_number": "0703865864",
        "age": 20,
        "body": "\u3044\u3044\u306d",
        "created_at": "2019-12-20T02:15:15.018Z",
        "updated_at": "2019-12-20T02:15:15.018Z"
    }
},
{
    "model": "django_press.baseinquiry",
    "pk": 1,
    "fields": {
        "polymorphic_ctype": [
            "django_press",
            "contact"
        ]
    }
},
{
    "model": "auth.user",
    "fields": {
        "password": "pbkdf2_sha256$150000$UtK8pBg3QupF$EjabJuF6d3PKvpKCHgukzs8Htd75ai0EYRVHD+g85qs=",
        "last_login": "2020-01-08T08:34:05.973Z",
        "is_superuser": true,
        "username": "admin",
        "first_name": "",
        "last_name": "",
        "email": "admin@admin.com",
        "is_staff": true,
        "is_active": true,
        "date_joined": "2019-12-19T23:58:46.314Z",
        "groups": [],
        "user_permissions": []
    }
}
]
